State,Year,Nitrogen (%),Nitrogen (Pounds/Acre),Phosphorous (%),Phosphorous (Pounds/Acre),Potash (%),Potash (Pounds/Acre),Area Planted (acres),Harvested Area (acres),Lint Yield (Pounds/Harvested Acre)
Alabama,1964,99,72,100,62,99,63,NA,NA,NA
Alabama,1965,100,81,100,63,100,66,NA,NA,NA
Alabama,1966,100,83,100,69,100,70,NA,NA,NA
Alabama,1967,100,78,100,71,100,73,NA,NA,NA
Alabama,1968,100,71,99,71,99,73,NA,NA,NA
Alabama,1969,100,80,98,70,98,71,NA,NA,NA
Alabama,1970,100,78,100,74,100,77,NA,NA,NA
Alabama,1971,99,84,100,71,99,73,NA,NA,NA
Alabama,1972,100,89,98,73,98,77,NA,NA,NA
Alabama,1973,99,82,95,77,97,83,385,370,405
Alabama,1974,100,100,99,76,99,75,440,420,399
Alabama,1975,100,74,92,57,98,66,405,395,337
Alabama,1976,98,72,93,71,98,80,325,315,443
Alabama,1977,99,74,91,72,97,85,310,305,510
Alabama,1978,100,66,95,64,95,69,325,321,411
Alabama,1979,100,70,84,63,84,68,377,372,545
Alabama,1980,100,73,93,63,93,70,287,285,775
Alabama,1981,99,73,97,57,91,68,219,215,409
Alabama,1982,100,101,93,65,93,72,309,307,699
Alabama,1983,100,79,86,62,89,72,330,329,795
Alabama,1984,98,78,91,60,88,70,315,313,506
Alabama,1985,98,88,88,62,80,73,335,333,572
Alabama,1986,99,82,87,57,77,62,390,375,486
Alabama,1987,NA,NA,NA,NA,NA,NA,328,322,571
Alabama,1988,NA,NA,NA,NA,NA,NA,380,378,476
Alabama,1989,NA,NA,NA,NA,NA,NA,410,405,655
Alabama,1990,NA,NA,NA,NA,NA,NA,415,408,731
Alabama,1991,NA,NA,NA,NA,NA,NA,443,430,524
Alabama,1992,NA,NA,NA,NA,NA,NA,463,455,766
Alabama,1993,NA,NA,NA,NA,NA,NA,590,578,409
Alabama,1994,NA,NA,NA,NA,NA,NA,520,516,734
Alabama,1995,NA,NA,NA,NA,NA,NA,535,442,597
Alabama,1996,NA,NA,NA,NA,NA,NA,495,475,559
Alabama,1997,100,89,93,54,95,79,565,561,535
Alabama,1998,99,78,94,59,94,76,590,530,492
Alabama,1999,97,84,94,69,95,84,610,605,730
Alabama,2000,100,103,95,63,91,87,590,540,507
Alabama,2001,NA,NA,NA,NA,NA,NA,525,510,772
Alabama,2002,NA,NA,NA,NA,NA,NA,550,540,724
Alabama,2003,97,102,84,70,83,77,550,545,747
Alabama,2004,NA,NA,NA,NA,NA,NA,575,560,579
Alabama,2005,NA,NA,NA,NA,NA,NA,400,385,519
Alabama,2006,NA,NA,NA,NA,NA,NA,290,286,787
Alabama,2007,97,88,87,49,90,65,255,248,662
Alabama,2008,NA,NA,NA,NA,NA,NA,340,338,682
Alabama,2009,NA,NA,NA,NA,NA,NA,460,443,742
Alabama,2010,NA,NA,NA,NA,NA,NA,380,378,946
Alabama,2011,NA,NA,NA,NA,NA,NA,365,359,789
Alabama,2012,NA,NA,NA,NA,NA,NA,350,348,901
Alabama,2013,NA,NA,NA,NA,NA,NA,315,307,866
Alabama,2014,NA,NA,NA,NA,NA,NA,345,343,988
Alabama,2015,99,91,78,53,79,95,435,430,902
Alabama,2016,NA,NA,NA,NA,NA,NA,510,497,858
Alabama,2017,93,104,72,62,81,83,540,535,969
Arizona,1964,94,130,50,66,2,NA,NA,NA,NA
Arizona,1965,92,131,42,78,2,8,NA,NA,NA
Arizona,1966,96,141,45,69,1,15,NA,NA,NA
Arizona,1967,89,141,47,62,1,40,NA,NA,NA
Arizona,1968,95,142,46,68,1,36,NA,NA,NA
Arizona,1969,97,145,39,70,2,12,NA,NA,NA
Arizona,1970,90,135,36,59,4,16,NA,NA,NA
Arizona,1971,91,123,46,62,3,41,NA,NA,NA
Arizona,1972,82,117,49,57,4,39,NA,NA,NA
Arizona,1973,88,120,53,66,2,34,269,268,1027
Arizona,1974,97,123,51,58,2,27,341,340,1178
Arizona,1975,82,117,34,49,2,22,517,515,997
Arizona,1976,88,155,47,62,1,16,540,538,953
Arizona,1977,92,148,58,59,1,37,580,575,1069
Arizona,1978,89,135,38,53,1,26,550,549,1184
Arizona,1979,93,142,46,61,3,55,600,599,1247
Arizona,1980,90,161,34,72,2,9,471,470,1118
Arizona,1981,92,159,36,67,2,7,291,284,1225
Arizona,1982,94,126,35,59,3,34,430,429,1227
Arizona,1983,90,113,45,43,11,14,360,359,1241
Arizona,1984,98,150,48,59,4,29,250,249,1301
Arizona,1985,95,157,51,55,9,6,290,289,1410
Arizona,1986,93,122,39,47,7,12,350,349,1190
Arizona,1987,95,159,39,70,NA,NA,240,239,1303
Arizona,1988,90,144,58,59,7,14,350,348,1119
Arizona,1989,95,178,51,64,3,NA,360,359,1201
Arizona,1990,94,155,47,68,8,NA,325,323,1077
Arizona,1991,99,170,62,66,18,10,316,315,1204
Arizona,1992,94,132,43,45,9,24,313,312,1203
Arizona,1993,98,149,44,68,10,5,365,364,1046
Arizona,1994,99,223,45,53,22,10,315,314,1189
Arizona,1995,95,194,34,65,NA,NA,325,324,1255
Arizona,1996,98,148,43,49,11,44,250,248,1177
Arizona,1997,99,130,29,55,4,46,270,269,1278
Arizona,1998,98,141,38,63,13,9,280,278,1366
Arizona,1999,99,149,22,84,15,18,295,290,1142
Arizona,2000,98,129,30,57,8,39,215,213,1381
Arizona,2001,NA,NA,NA,NA,NA,NA,215,213,1239
Arizona,2002,NA,NA,NA,NA,NA,NA,240,238,1458
Arizona,2003,93,178,35,63,11,33,230,229,1289
Arizona,2004,NA,NA,NA,NA,NA,NA,190,188,1420
Arizona,2005,NA,NA,NA,NA,NA,NA,170,168,1469
Arizona,2006,NA,NA,NA,NA,NA,NA,135,133,1462
Arizona,2007,NA,NA,NA,NA,NA,NA,145,144,1477
Arizona,2008,NA,NA,NA,NA,NA,NA,195,193,1517
Arizona,2009,NA,NA,NA,NA,NA,NA,250,248,1548
Arizona,2010,NA,NA,NA,NA,NA,NA,200,197,1474
Arizona,2011,NA,NA,NA,NA,NA,NA,160,159,1449
Arizona,2012,NA,NA,NA,NA,NA,NA,150,149,1579
Arizona,2013,NA,NA,NA,NA,NA,NA,89,88,1511
Arizona,2014,NA,NA,NA,NA,NA,NA,120,118,1525
Arizona,2015,98,120,50,43,15,9,160,159,1464
Arizona,2016,NA,NA,NA,NA,NA,NA,160,159,1319
Arizona,2017,NA,NA,NA,NA,NA,NA,160,159,1555
Arkansas,1964,97,68,59,39,65,48,NA,NA,NA
Arkansas,1965,99,72,72,46,73,51,NA,NA,NA
Arkansas,1966,97,70,77,44,76,51,NA,NA,NA
Arkansas,1967,98,68,79,41,79,47,NA,NA,NA
Arkansas,1968,99,63,66,45,61,55,NA,NA,NA
Arkansas,1969,96,65,68,46,68,54,NA,NA,NA
Arkansas,1970,95,67,60,43,63,53,NA,NA,NA
Arkansas,1971,98,63,64,40,65,50,NA,NA,NA
Arkansas,1972,99,62,72,44,70,54,NA,NA,NA
Arkansas,1973,97,69,70,45,69,50,700,680,485
Arkansas,1974,98,68,72,40,75,46,1125,950,392
Arkansas,1975,98,57,67,40,72,46,950,930,534
Arkansas,1976,97,65,74,41,77,55,810,760,417
Arkansas,1977,95,66,75,48,78,60,610,530,549
Arkansas,1978,93,64,62,42,74,50,700,645,330
Arkansas,1979,98,62,78,37,83,51,610,560,518
Arkansas,1980,98,59,76,39,85,53,410,390,657
Arkansas,1981,97,64,59,40,62,58,320,290,535
Arkansas,1982,97,67,68,36,72,48,470,465,632
Arkansas,1983,97,69,68,34,70,46,465,440,767
Arkansas,1984,97,75,80,38,82,53,490,480,602
Arkansas,1985,100,70,76,37,77,51,555,550,786
Arkansas,1986,99,84,68,39,81,65,695,675,742
Arkansas,1987,99,81,75,43,79,63,610,595,687
Arkansas,1988,99,79,71,44,75,58,770,750,692
Arkansas,1989,94,80,70,35,71,62,1000,980,772
Arkansas,1990,99,85,83,36,87,57,1000,980,823
Arkansas,1991,96,86,70,40,73,61,990,970,541
Arkansas,1992,98,88,64,44,74,66,980,970,877
Arkansas,1993,96,103,76,48,74,76,1170,1110,635
Arkansas,1994,93,110,70,44,81,73,1000,990,793
Arkansas,1995,97,101,74,45,85,75,980,965,837
Arkansas,1996,97,97,66,38,71,70,920,900,645
Arkansas,1997,92,77,83,54,91,67,970,960,714
Arkansas,1998,98,91,88,42,88,76,960,950,720
Arkansas,1999,97,93,82,40,85,77,1080,1065,826
Arkansas,2000,100,88,78,41,84,82,960,920,871
Arkansas,2001,93,80,63,36,68,73,980,945,916
Arkansas,2002,NA,NA,NA,NA,NA,NA,910,900,1114
Arkansas,2003,97,94,84,41,90,91,1050,1040,1016
Arkansas,2004,NA,NA,NA,NA,NA,NA,1170,1160,1045
Arkansas,2005,NA,NA,NA,NA,NA,NA,860,850,1071
Arkansas,2006,NA,NA,NA,NA,NA,NA,620,615,1012
Arkansas,2007,98,111,83,41,85,87,520,500,818
Arkansas,2008,NA,NA,NA,NA,NA,NA,545,540,1045
Arkansas,2009,NA,NA,NA,NA,NA,NA,680,660,929
Arkansas,2010,98,108,83,42,86,74,595,585,1064
Arkansas,2011,NA,NA,NA,NA,NA,NA,310,305,1133
Arkansas,2012,NA,NA,NA,NA,NA,NA,335,330,1145
Arkansas,2013,NA,NA,NA,NA,NA,NA,210,207,1092
Arkansas,2014,NA,NA,NA,NA,NA,NA,380,375,1075
Arkansas,2015,100,129,79,47,80,86,445,438,1177
Arkansas,2016,NA,NA,NA,NA,NA,NA,485,480,1133
Arkansas,2017,97,160,74,53,79,100,620,610,1102
California,1964,95,111,48,62,8,26,NA,NA,NA
California,1965,96,150,37,81,NA,NA,NA,NA,NA
California,1966,94,138,26,72,4,16,NA,NA,NA
California,1967,91,145,42,99,6,74,NA,NA,NA
California,1968,94,157,47,88,6,46,NA,NA,NA
California,1969,93,135,42,91,1,31,NA,NA,NA
California,1970,92,129,41,60,9,24,NA,NA,NA
California,1971,90,124,41,73,6,37,NA,NA,NA
California,1972,92,121,43,70,12,49,NA,NA,NA
California,1973,88,125,45,84,9,50,900,875,1072
California,1974,84,104,38,59,10,22,1130,1120,1064
California,1975,86,137,30,74,1,43,1400,1390,964
California,1976,94,146,47,78,7,70,1480,1455,640
California,1977,95,142,47,75,10,50,1650,1635,1000
California,1978,96,120,39,81,8,67,1550,1540,969
California,1979,94,106,31,65,5,44,1540,1530,1109
California,1980,95,108,27,61,3,75,1380,1370,1077
California,1981,97,110,36,73,5,84,960,950,996
California,1982,95,117,30,61,4,39,1410,1400,999
California,1983,95,117,33,52,6,38,1330,1320,1132
California,1984,91,116,27,61,2,87,1000,990,1088
California,1985,87,118,23,56,3,112,1150,1140,1259
California,1986,92,104,16,62,2,24,1350,1335,1015
California,1987,93,115,26,60,NA,NA,1050,1040,1228
California,1988,93,124,36,45,16,39,1100,1090,1204
California,1989,97,123,42,56,13,14,980,977,1252
California,1990,94,140,31,68,3,40,1000,995,1359
California,1991,95,138,35,87,10,38,1050,1045,1340
California,1992,97,131,32,86,5,42,1100,1095,1191
California,1993,98,139,33,51,6,NA,1170,1165,953
California,1994,96,188,35,60,24,39,1000,995,1153
California,1995,99,167,40,63,21,72,880,875,1202
California,1996,96,175,37,83,16,58,650,620,887
California,1997,96,145,25,60,26,72,610,605,1254
California,1998,98,128,23,75,13,83,775,770,1378
California,1999,99,154,51,61,19,97,630,625,1359
California,2000,98,139,29,57,12,58,480,477,1469
California,2001,NA,NA,NA,NA,NA,NA,550,545,1317
California,2002,NA,NA,NA,NA,NA,NA,560,557,1543
California,2003,94,141,47,55,25,84,430,428,1194
California,2004,NA,NA,NA,NA,NA,NA,285,283,1321
California,2005,NA,NA,NA,NA,NA,NA,195,194,1608
California,2006,NA,NA,NA,NA,NA,NA,120,117,1506
California,2007,96,123,39,74,20,48,71,70,1646
California,2008,NA,NA,NA,NA,NA,NA,124,123,1483
California,2009,NA,NA,NA,NA,NA,NA,182,181,1474
California,2010,NA,NA,NA,NA,NA,NA,142,141,1729
California,2011,NA,NA,NA,NA,NA,NA,93,92,1737
California,2012,NA,NA,NA,NA,NA,NA,63,61,1684
California,2013,NA,NA,NA,NA,NA,NA,47,46,1722
California,2014,NA,NA,NA,NA,NA,NA,63,62,1897
California,2015,94,97,28,31,33,48,88,87,1297
California,2016,NA,NA,NA,NA,NA,NA,48,47,1910
California,2017,NA,NA,NA,NA,NA,NA,55,54,1778
Georgia,1964,100,80,99,64,100,89,NA,NA,NA
Georgia,1965,99,86,99,65,99,89,NA,NA,NA
Georgia,1966,100,104,100,66,100,104,NA,NA,NA
Georgia,1967,100,102,100,64,100,95,NA,NA,NA
Georgia,1968,100,97,100,62,100,94,NA,NA,NA
Georgia,1969,100,105,100,65,98,92,NA,NA,NA
Georgia,1970,100,92,100,59,100,85,NA,NA,NA
Georgia,1971,100,94,100,61,100,90,NA,NA,NA
Georgia,1972,100,82,100,60,98,91,NA,NA,NA
Georgia,1973,100,95,100,65,100,102,165,160,443
Georgia,1974,100,119,98,65,100,103,255,240,398
Georgia,1975,100,130,100,53,100,84,230,170,232
Georgia,1976,100,92,100,61,98,88,120,115,463
Georgia,1977,100,109,100,67,100,110,155,150,486
Georgia,1978,100,78,100,60,100,93,170,160,258
Georgia,1979,86,69,96,47,99,79,180,175,436
Georgia,1980,93,80,98,50,98,77,163,158,714
Georgia,1981,100,63,93,48,85,83,120,115,467
Georgia,1982,100,79,90,53,100,89,175,172,784
Georgia,1983,100,72,91,53,100,73,255,245,725
Georgia,1984,100,69,93,51,98,88,225,195,455
Georgia,1985,100,78,93,62,100,86,250,245,662
Georgia,1986,92,80,87,55,90,88,350,315,564
Georgia,1987,NA,NA,NA,NA,NA,NA,265,260,631
Georgia,1988,NA,NA,NA,NA,NA,NA,355,350,555
Georgia,1989,NA,NA,NA,NA,NA,NA,430,427,812
Georgia,1990,NA,NA,NA,NA,NA,NA,460,456,783
Georgia,1991,NA,NA,NA,NA,NA,NA,615,600,586
Georgia,1992,NA,NA,NA,NA,NA,NA,885,875,843
Georgia,1993,NA,NA,NA,NA,NA,NA,1500,1490,625
Georgia,1994,NA,NA,NA,NA,NA,NA,1340,1336,747
Georgia,1995,NA,NA,NA,NA,NA,NA,1440,1425,646
Georgia,1996,99,104,99,57,97,106,1370,1280,578
Georgia,1997,95,92,94,60,99,93,1470,1300,579
Georgia,1998,96,91,90,58,92,97,1500,1350,591
Georgia,1999,100,87,98,57,100,109,1490,1480,720
Georgia,2000,96,87,94,55,93,84,1450,1360,557
Georgia,2001,99,79,92,52,93,85,1300,1290,785
Georgia,2002,NA,NA,NA,NA,NA,NA,1290,1280,674
Georgia,2003,100,96,90,56,91,90,1220,1210,849
Georgia,2004,NA,NA,NA,NA,NA,NA,1400,1370,818
Georgia,2005,NA,NA,NA,NA,NA,NA,1030,995,801
Georgia,2006,NA,NA,NA,NA,NA,NA,940,920,835
Georgia,2007,98,90,91,60,91,87,1000,990,902
Georgia,2008,NA,NA,NA,NA,NA,NA,1330,1315,821
Georgia,2009,NA,NA,NA,NA,NA,NA,1600,1495,791
Georgia,2010,95,95,86,59,91,105,1290,1280,1091
Georgia,2011,NA,NA,NA,NA,NA,NA,1370,1340,831
Georgia,2012,NA,NA,NA,NA,NA,NA,1380,1370,900
Georgia,2013,NA,NA,NA,NA,NA,NA,1130,1120,966
Georgia,2014,NA,NA,NA,NA,NA,NA,1180,1165,898
Georgia,2015,99,90,82,51,97,96,1280,1270,841
Georgia,2016,NA,NA,NA,NA,NA,NA,1430,1305,719
Georgia,2017,100,112,81,55,91,89,1400,1390,932
Louisiana,1964,97,54,62,34,69,35,NA,NA,NA
Louisiana,1965,93,56,63,40,64,41,NA,NA,NA
Louisiana,1966,90,69,58,48,58,48,NA,NA,NA
Louisiana,1967,91,69,61,49,62,50,NA,NA,NA
Louisiana,1968,92,76,48,43,51,46,NA,NA,NA
Louisiana,1969,97,63,62,46,64,47,NA,NA,NA
Louisiana,1970,95,81,57,50,56,50,NA,NA,NA
Louisiana,1971,98,69,69,50,69,53,NA,NA,NA
Louisiana,1972,98,73,70,54,70,56,NA,NA,NA
Louisiana,1973,91,71,60,59,60,60,320,310,535
Louisiana,1974,98,69,59,54,59,51,570,560,474
Louisiana,1975,98,69,50,45,50,45,545,540,583
Louisiana,1976,98,72,63,52,63,52,515,510,450
Louisiana,1977,98,70,63,51,61,49,470,465,712
Louisiana,1978,99,78,81,48,81,49,570,560,394
Louisiana,1979,100,68,65,49,65,53,700,695,512
Louisiana,1980,96,69,92,48,92,52,605,595,702
Louisiana,1981,98,73,80,46,80,51,420,410,623
Louisiana,1982,98,74,73,47,72,53,650,645,786
Louisiana,1983,100,69,62,42,70,58,640,630,565
Louisiana,1984,99,81,77,52,77,59,580,570,567
Louisiana,1985,100,80,70,48,76,64,605,600,782
Louisiana,1986,100,95,72,43,73,48,735,645,705
Louisiana,1987,100,74,68,47,71,55,645,620,672
Louisiana,1988,94,88,59,51,65,58,810,790,715
Louisiana,1989,100,86,70,45,72,55,875,820,828
Louisiana,1990,99,77,62,48,62,62,890,870,717
Louisiana,1991,90,100,46,55,43,79,890,875,606
Louisiana,1992,98,78,57,44,59,75,900,890,815
Louisiana,1993,86,85,51,45,52,66,1085,1075,614
Louisiana,1994,92,157,40,45,40,59,890,885,697
Louisiana,1995,88,117,42,47,48,73,655,650,728
Louisiana,1996,91,74,64,45,67,67,535,525,586
Louisiana,1997,98,79,71,51,76,70,615,610,709
Louisiana,1998,99,90,69,42,73,76,710,695,629
Louisiana,1999,100,85,43,55,45,68,870,855,580
Louisiana,2000,100,86,64,44,66,70,520,495,717
Louisiana,2001,95,86,50,42,52,77,525,510,967
Louisiana,2002,NA,NA,NA,NA,NA,NA,500,490,867
Louisiana,2003,99,87,45,37,59,52,610,600,878
Louisiana,2004,NA,NA,NA,NA,NA,NA,635,630,946
Louisiana,2005,NA,NA,NA,NA,NA,NA,335,330,1017
Louisiana,2006,NA,NA,NA,NA,NA,NA,300,234,576
Louisiana,2007,100,87,70,35,63,76,230,225,745
Louisiana,2008,NA,NA,NA,NA,NA,NA,255,249,842
Louisiana,2009,NA,NA,NA,NA,NA,NA,295,290,846
Louisiana,2010,NA,NA,NA,NA,NA,NA,230,225,1020
Louisiana,2011,NA,NA,NA,NA,NA,NA,130,128,1223
Louisiana,2012,NA,NA,NA,NA,NA,NA,170,168,1154
Louisiana,2013,NA,NA,NA,NA,NA,NA,115,112,810
Louisiana,2014,NA,NA,NA,NA,NA,NA,140,137,939
Louisiana,2015,NA,NA,NA,NA,NA,NA,220,217,894
Louisiana,2016,NA,NA,NA,NA,NA,NA,195,189,1067
Louisiana,2017,NA,NA,NA,NA,NA,NA,280,270,1031
Mississippi,1964,99,77,59,50,59,50,NA,NA,NA
Mississippi,1965,100,104,56,58,54,55,NA,NA,NA
Mississippi,1966,98,98,71,54,72,55,NA,NA,NA
Mississippi,1967,97,98,58,56,58,57,NA,NA,NA
Mississippi,1968,100,91,63,52,62,53,NA,NA,NA
Mississippi,1969,100,93,59,56,59,57,NA,NA,NA
Mississippi,1970,99,96,42,60,42,61,NA,NA,NA
Mississippi,1971,100,93,41,55,43,63,NA,NA,NA
Mississippi,1972,100,92,48,64,47,65,NA,NA,NA
Mississippi,1973,100,90,49,64,50,65,1140,1100,454
Mississippi,1974,100,103,45,64,46,64,1530,1470,376
Mississippi,1975,100,92,47,59,48,66,1380,1360,581
Mississippi,1976,100,90,40,53,40,54,1200,1180,561
Mississippi,1977,99,98,43,57,44,57,1090,1050,657
Mississippi,1978,99,92,36,54,38,59,1150,1125,488
Mississippi,1979,100,87,32,61,33,63,1230,1200,626
Mississippi,1980,99,92,33,50,34,55,1000,990,853
Mississippi,1981,99,91,41,45,48,59,687,675,640
Mississippi,1982,100,94,41,54,41,65,1045,1032,767
Mississippi,1983,99,98,45,50,50,63,1050,1040,764
Mississippi,1984,98,103,44,57,46,68,1020,1000,571
Mississippi,1985,98,104,42,56,44,59,1020,1010,829
Mississippi,1986,96,102,39,54,49,63,1230,1190,736
Mississippi,1987,100,106,48,52,60,71,1050,1020,732
Mississippi,1988,98,110,50,49,56,59,1230,1220,728
Mississippi,1989,100,103,54,49,61,65,1245,1230,888
Mississippi,1990,99,109,42,50,56,78,1350,1345,761
Mississippi,1991,100,109,52,50,68,76,1330,1300,572
Mississippi,1992,100,112,41,57,73,98,1280,1270,806
Mississippi,1993,95,111,43,57,68,94,1460,1420,622
Mississippi,1994,100,122,45,54,66,101,1120,1100,819
Mississippi,1995,100,112,40,54,60,86,985,970,901
Mississippi,1996,98,100,27,47,56,100,950,940,737
Mississippi,1997,100,109,46,50,77,95,1200,1180,704
Mississippi,1998,97,107,51,57,67,99,1300,1280,642
Mississippi,1999,100,111,36,50,65,109,1620,1600,719
Mississippi,2000,100,114,44,52,68,97,1170,1150,808
Mississippi,2001,99,112,31,51,46,98,1110,1090,934
Mississippi,2002,NA,NA,NA,NA,NA,NA,1110,1100,1024
Mississippi,2003,99,109,45,46,70,106,1210,1200,859
Mississippi,2004,NA,NA,NA,NA,NA,NA,1230,1220,829
Mississippi,2005,NA,NA,NA,NA,NA,NA,660,655,966
Mississippi,2006,NA,NA,NA,NA,NA,NA,365,360,911
Mississippi,2007,100,117,33,58,54,106,305,295,672
Mississippi,2008,NA,NA,NA,NA,NA,NA,420,410,993
Mississippi,2009,NA,NA,NA,NA,NA,NA,630,605,952
Mississippi,2010,95,100,32,47,53,91,475,470,1014
Mississippi,2011,NA,NA,NA,NA,NA,NA,290,287,1203
Mississippi,2012,NA,NA,NA,NA,NA,NA,425,420,1232
Mississippi,2013,NA,NA,NA,NA,NA,NA,320,315,1024
Mississippi,2014,NA,NA,NA,NA,NA,NA,435,430,1207
Mississippi,2015,96,107,44,116,65,116,630,625,1038
Mississippi,2016,NA,NA,NA,NA,NA,NA,620,615,1141
Mississippi,2017,99,116,47,52,60,91,720,710,1082
Missouri,1964,100,85,95,58,95,59,NA,NA,NA
Missouri,1965,99,64,96,46,96,49,NA,NA,NA
Missouri,1966,94,71,96,57,96,61,NA,NA,NA
Missouri,1967,99,50,94,53,94,56,NA,NA,NA
Missouri,1968,93,54,92,48,92,52,NA,NA,NA
Missouri,1969,94,56,91,49,91,57,NA,NA,NA
Missouri,1970,90,57,84,42,84,44,NA,NA,NA
Missouri,1971,99,55,84,45,87,50,NA,NA,NA
Missouri,1972,100,63,91,51,91,56,NA,NA,NA
Missouri,1973,88,47,94,54,97,77,220,210,449
Missouri,1974,97,60,85,51,89,73,305,260,305
Missouri,1975,96,56,84,43,87,56,270,258,437
Missouri,1976,90,36,91,47,91,57,210,182,496
Missouri,1977,96,49,83,39,88,62,157,137,550
Missouri,1978,91,44,88,48,94,51,245,241,353
Missouri,1979,96,52,96,50,100,52,242,183,441
Missouri,1980,100,55,78,45,100,75,154,151,648
Missouri,1981,92,47,75,37,85,67,108,93,377
Missouri,1982,100,54,83,31,83,80,164,162,554
Missouri,1983,100,44,100,39,100,68,152,150,653
Missouri,1984,100,70,100,31,100,66,178,160,588
Missouri,1985,98,56,68,35,98,62,200,199,796
Missouri,1986,100,57,82,48,88,63,245,242,607
Missouri,1987,NA,NA,NA,NA,NA,NA,214,209,618
Missouri,1988,NA,NA,NA,NA,NA,NA,248,235,641
Missouri,1989,NA,NA,NA,NA,NA,NA,332,327,630
Missouri,1990,NA,NA,NA,NA,NA,NA,335,328,792
Missouri,1991,NA,NA,NA,NA,NA,NA,345,335,539
Missouri,1992,NA,NA,NA,NA,NA,NA,352,345,856
Missouri,1993,NA,NA,NA,NA,NA,NA,462,453,544
Missouri,1994,NA,NA,NA,NA,NA,NA,390,385,737
Missouri,1995,NA,NA,NA,NA,NA,NA,395,390,695
Missouri,1996,NA,NA,NA,NA,NA,NA,370,357,471
Missouri,1997,100,112,72,37,95,78,380,377,601
Missouri,1998,NA,NA,NA,NA,NA,NA,400,388,668
Missouri,1999,NA,NA,NA,NA,NA,NA,405,400,834
Missouri,2000,100,101,86,34,95,88,380,368,796
Missouri,2001,NA,NA,NA,NA,NA,NA,400,390,862
Missouri,2002,NA,NA,NA,NA,NA,NA,380,378,1054
Missouri,2003,100,89,73,40,81,80,440,438,947
Missouri,2004,NA,NA,NA,NA,NA,NA,500,496,953
Missouri,2005,NA,NA,NA,NA,NA,NA,380,379,968
Missouri,2006,NA,NA,NA,NA,NA,NA,306,303,1106
Missouri,2007,98,97,88,31,95,68,272,260,927
Missouri,2008,NA,NA,NA,NA,NA,NA,310,308,1068
Missouri,2009,NA,NA,NA,NA,NA,NA,375,367,969
Missouri,2010,100,130,81,48,93,87,350,330,1063
Missouri,2011,NA,NA,NA,NA,NA,NA,255,246,968
Missouri,2012,NA,NA,NA,NA,NA,NA,250,245,1117
Missouri,2013,NA,NA,NA,NA,NA,NA,185,175,1097
Missouri,2014,NA,NA,NA,NA,NA,NA,280,266,1021
Missouri,2015,100,96,74,35,92,62,305,297,1212
Missouri,2016,NA,NA,NA,NA,NA,NA,325,322,1373
Missouri,2017,98,112,87,46,96,70,380,368,1265
New Mexico,1964,63,85,58,60,NA,NA,NA,NA,NA
New Mexico,1965,71,81,45,79,5,28,NA,NA,NA
New Mexico,1966,52,73,44,64,9,23,NA,NA,NA
New Mexico,1967,67,67,57,70,9,40,NA,NA,NA
New Mexico,1968,67,83,62,74,13,41,NA,NA,NA
New Mexico,1969,57,92,48,77,NA,NA,NA,NA,NA
New Mexico,1970,61,72,50,85,6,17,NA,NA,NA
New Mexico,1971,56,70,42,50,11,12,NA,NA,NA
New Mexico,1972,61,69,63,69,9,31,NA,NA,NA
New Mexico,1973,64,60,38,64,5,18,95,85,382
New Mexico,1974,52,49,48,57,16,26,68,64,523
New Mexico,1975,45,54,32,58,13,18,131,128,603
New Mexico,1976,56,59,38,59,8,22,137,109,443
New Mexico,1977,NA,NA,NA,NA,NA,NA,154,126,396
New Mexico,1978,NA,NA,NA,NA,NA,NA,151,120,428
New Mexico,1979,70,61,51,54,14,15,136,106,602
New Mexico,1980,40,64,28,51,2,10,79,68,551
New Mexico,1981,65,58,42,50,12,19,56,47,715
New Mexico,1982,47,64,30,57,8,37,77,69,605
New Mexico,1983,54,88,30,49,9,1,70,54,631
New Mexico,1984,66,71,34,64,14,6,63,50,595
New Mexico,1985,59,58,47,48,2,14,66,62,689
New Mexico,1986,49,54,28,60,3,6,77,69,710
New Mexico,1987,NA,NA,NA,NA,NA,NA,61,55,698
New Mexico,1988,NA,NA,NA,NA,NA,NA,69,62,735
New Mexico,1989,NA,NA,NA,NA,NA,NA,69,65,465
New Mexico,1990,NA,NA,NA,NA,NA,NA,55,37,616
New Mexico,1991,NA,NA,NA,NA,NA,NA,54,49,769
New Mexico,1992,NA,NA,NA,NA,NA,NA,55,50,720
New Mexico,1993,NA,NA,NA,NA,NA,NA,61,56,609
New Mexico,1994,NA,NA,NA,NA,NA,NA,59,55,733
New Mexico,1995,NA,NA,NA,NA,NA,NA,70,66,676
New Mexico,1996,NA,NA,NA,NA,NA,NA,66,60,640
New Mexico,1997,NA,NA,NA,NA,NA,NA,84,79,662
New Mexico,1998,NA,NA,NA,NA,NA,NA,72,67,724
New Mexico,1999,NA,NA,NA,NA,NA,NA,68,65,916
New Mexico,2000,NA,NA,NA,NA,NA,NA,54,50,816
New Mexico,2001,NA,NA,NA,NA,NA,NA,53,38,884
New Mexico,2002,NA,NA,NA,NA,NA,NA,68,64,848
New Mexico,2003,NA,NA,NA,NA,NA,NA,56,51,1016
New Mexico,2004,NA,NA,NA,NA,NA,NA,50,48,930
New Mexico,2005,NA,NA,NA,NA,NA,NA,43,39,1095
New Mexico,2006,NA,NA,NA,NA,NA,NA,38,35,974
New Mexico,2007,NA,NA,NA,NA,NA,NA,31,30,1172
New Mexico,2008,NA,NA,NA,NA,NA,NA,48,47,1174
New Mexico,2009,NA,NA,NA,NA,NA,NA,70,58,1059
New Mexico,2010,NA,NA,NA,NA,NA,NA,45,38,1048
New Mexico,2011,NA,NA,NA,NA,NA,NA,39,31,929
New Mexico,2012,NA,NA,NA,NA,NA,NA,43,33,931
New Mexico,2013,NA,NA,NA,NA,NA,NA,35,31,929
New Mexico,2014,NA,NA,NA,NA,NA,NA,47,41,1030
New Mexico,2015,NA,NA,NA,NA,NA,NA,66,46,1179
New Mexico,2016,NA,NA,NA,NA,NA,NA,77,56,977
New Mexico,2017,NA,NA,NA,NA,NA,NA,63,45,1173
North Carolina,1964,100,65,100,54,100,69,NA,NA,NA
North Carolina,1965,100,90,100,54,100,69,NA,NA,NA
North Carolina,1966,98,63,95,53,98,68,NA,NA,NA
North Carolina,1967,100,69,100,65,100,80,NA,NA,NA
North Carolina,1968,100,74,100,54,100,75,NA,NA,NA
North Carolina,1969,99,62,90,54,90,70,NA,NA,NA
North Carolina,1970,100,67,100,55,100,75,NA,NA,NA
North Carolina,1971,100,53,98,53,100,70,NA,NA,NA
North Carolina,1972,100,66,100,57,100,84,NA,NA,NA
North Carolina,1973,98,86,95,68,98,92,56,53,412
North Carolina,1974,100,70,100,56,100,90,75,71,489
North Carolina,1975,100,84,91,52,98,82,87,83,305
North Carolina,1976,100,102,91,44,100,81,45,42,515
North Carolina,1977,NA,NA,NA,NA,NA,NA,46,45,455
North Carolina,1978,NA,NA,NA,NA,NA,NA,66,65,381
North Carolina,1979,NA,NA,NA,NA,NA,NA,83,82,558
North Carolina,1980,NA,NA,NA,NA,NA,NA,71,70,699
North Carolina,1981,NA,NA,NA,NA,NA,NA,60,59,350
North Carolina,1982,NA,NA,NA,NA,NA,NA,97,96,600
North Carolina,1983,NA,NA,NA,NA,NA,NA,88,87,646
North Carolina,1984,NA,NA,NA,NA,NA,NA,82,81,646
North Carolina,1985,NA,NA,NA,NA,NA,NA,96,95,495
North Carolina,1986,NA,NA,NA,NA,NA,NA,126,124,515
North Carolina,1987,NA,NA,NA,NA,NA,NA,112,110,615
North Carolina,1988,NA,NA,NA,NA,NA,NA,201,200,631
North Carolina,1989,NA,NA,NA,NA,NA,NA,460,457,672
North Carolina,1990,NA,NA,NA,NA,NA,NA,380,377,596
North Carolina,1991,NA,NA,NA,NA,NA,NA,390,385,535
North Carolina,1992,NA,NA,NA,NA,NA,NA,486,485,820
North Carolina,1993,NA,NA,NA,NA,NA,NA,805,800,479
North Carolina,1994,NA,NA,NA,NA,NA,NA,740,730,659
North Carolina,1995,NA,NA,NA,NA,NA,NA,690,685,652
North Carolina,1996,NA,NA,NA,NA,NA,NA,710,705,699
North Carolina,1997,92,62,64,38,85,99,880,825,475
North Carolina,1998,98,87,90,55,93,108,930,925,742
North Carolina,1999,96,78,89,47,96,107,970,965,832
North Carolina,2000,96,85,80,47,91,116,940,920,421
North Carolina,2001,NA,NA,NA,NA,NA,NA,810,770,646
North Carolina,2002,NA,NA,NA,NA,NA,NA,730,725,900
North Carolina,2003,97,76,74,41,93,106,815,810,852
North Carolina,2004,NA,NA,NA,NA,NA,NA,870,865,713
North Carolina,2005,NA,NA,NA,NA,NA,NA,500,490,767
North Carolina,2006,NA,NA,NA,NA,NA,NA,430,428,847
North Carolina,2007,92,68,71,31,89,99,375,370,990
North Carolina,2008,NA,NA,NA,NA,NA,NA,550,545,838
North Carolina,2009,NA,NA,NA,NA,NA,NA,805,800,616
North Carolina,2010,98,66,68,46,87,96,585,580,1014
North Carolina,2011,NA,NA,NA,NA,NA,NA,465,460,799
North Carolina,2012,NA,NA,NA,NA,NA,NA,465,460,1038
North Carolina,2013,NA,NA,NA,NA,NA,NA,385,355,713
North Carolina,2014,NA,NA,NA,NA,NA,NA,280,255,646
North Carolina,2015,99,66,75,37,89,80,375,367,969
North Carolina,2016,NA,NA,NA,NA,NA,NA,430,415,812
North Carolina,2017,96,85,67,49,87,98,510,495,931
Oklahoma,1964,51,28,49,28,33,14,NA,NA,NA
Oklahoma,1965,55,30,48,27,40,14,NA,NA,NA
Oklahoma,1966,50,28,45,33,40,19,NA,NA,NA
Oklahoma,1967,51,19,45,23,41,13,NA,NA,NA
Oklahoma,1968,41,28,38,28,35,14,NA,NA,NA
Oklahoma,1969,53,27,50,37,42,17,NA,NA,NA
Oklahoma,1970,50,25,43,27,33,13,NA,NA,NA
Oklahoma,1971,44,31,38,36,37,15,NA,NA,NA
Oklahoma,1972,46,32,42,38,35,26,NA,NA,NA
Oklahoma,1973,50,34,45,33,35,17,360,295,277
Oklahoma,1974,47,21,43,30,41,15,350,335,251
Oklahoma,1975,29,28,29,29,16,16,535,520,402
Oklahoma,1976,61,34,55,31,40,14,605,585,292
Oklahoma,1977,60,27,58,38,26,15,600,580,432
Oklahoma,1978,61,34,61,39,35,15,715,565,174
Oklahoma,1979,55,32,51,43,34,23,650,640,330
Oklahoma,1980,67,32,58,30,28,15,480,450,254
Oklahoma,1981,43,50,34,46,15,24,320,300,232
Oklahoma,1982,43,34,19,29,15,23,425,375,234
Oklahoma,1983,57,45,52,36,26,18,370,360,380
Oklahoma,1984,66,53,42,42,4,12,400,350,288
Oklahoma,1985,59,34,32,34,3,10,400,385,431
Oklahoma,1986,46,29,39,29,25,15,460,435,334
Oklahoma,1987,NA,NA,NA,NA,NA,NA,370,340,244
Oklahoma,1988,NA,NA,NA,NA,NA,NA,380,370,496
Oklahoma,1989,NA,NA,NA,NA,NA,NA,440,380,303
Oklahoma,1990,NA,NA,NA,NA,NA,NA,370,315,320
Oklahoma,1991,NA,NA,NA,NA,NA,NA,370,350,370
Oklahoma,1992,NA,NA,NA,NA,NA,NA,360,340,349
Oklahoma,1993,NA,NA,NA,NA,NA,NA,380,315,187
Oklahoma,1994,NA,NA,NA,NA,NA,NA,290,210,306
Oklahoma,1995,NA,NA,NA,NA,NA,NA,200,190,462
Oklahoma,1996,NA,NA,NA,NA,NA,NA,160,120,560
Oklahoma,1997,NA,NA,NA,NA,NA,NA,240,150,461
Oklahoma,1998,NA,NA,NA,NA,NA,NA,280,145,503
Oklahoma,1999,NA,NA,NA,NA,NA,NA,270,185,511
Oklahoma,2000,NA,NA,NA,NA,NA,NA,200,180,557
Oklahoma,2001,NA,NA,NA,NA,NA,NA,180,170,616
Oklahoma,2002,NA,NA,NA,NA,NA,NA,220,200,727
Oklahoma,2003,NA,NA,NA,NA,NA,NA,255,240,716
Oklahoma,2004,NA,NA,NA,NA,NA,NA,320,180,541
Oklahoma,2005,NA,NA,NA,NA,NA,NA,175,165,817
Oklahoma,2006,NA,NA,NA,NA,NA,NA,170,155,811
Oklahoma,2007,NA,NA,NA,NA,NA,NA,205,195,785
Oklahoma,2008,NA,NA,NA,NA,NA,NA,285,270,750
Oklahoma,2009,NA,NA,NA,NA,NA,NA,415,70,597
Oklahoma,2010,NA,NA,NA,NA,NA,NA,305,140,531
Oklahoma,2011,NA,NA,NA,NA,NA,NA,185,120,616
Oklahoma,2012,NA,NA,NA,NA,NA,NA,245,210,615
Oklahoma,2013,NA,NA,NA,NA,NA,NA,215,205,876
Oklahoma,2014,NA,NA,NA,NA,NA,NA,305,290,1021
Oklahoma,2015,NA,NA,NA,NA,NA,NA,590,555,882
Oklahoma,2016,NA,NA,NA,NA,NA,NA,780,550,595
Oklahoma,2017,54,102,44,45,19,44,650,575,609
South Carolina,1964,100,68,100,76,100,88,NA,NA,NA
South Carolina,1965,100,78,100,81,100,89,NA,NA,NA
South Carolina,1966,100,101,100,85,100,90,NA,NA,NA
South Carolina,1967,100,91,100,85,100,89,NA,NA,NA
South Carolina,1968,100,101,100,89,100,101,NA,NA,NA
South Carolina,1969,99,88,97,84,97,98,NA,NA,NA
South Carolina,1970,100,80,100,71,100,90,NA,NA,NA
South Carolina,1971,99,88,97,78,99,96,NA,NA,NA
South Carolina,1972,99,95,97,77,99,102,NA,NA,NA
South Carolina,1973,100,99,99,72,99,102,107,103,454
South Carolina,1974,100,101,94,69,99,108,170,159,438
South Carolina,1975,99,109,91,66,100,99,170,153,342
South Carolina,1976,100,92,100,63,100,113,105,98,562
South Carolina,1977,100,125,94,65,99,110,110,109,510
South Carolina,1978,NA,NA,NA,NA,NA,NA,122,120,309
South Carolina,1979,100,84,87,51,100,102,119,118,667
South Carolina,1980,100,78,97,60,92,97,97,95,783
South Carolina,1981,100,81,83,42,97,97,69,69,369
South Carolina,1982,100,84,83,44,86,84,104,104,785
South Carolina,1983,100,107,83,42,100,102,124,122,708
South Carolina,1984,98,95,87,47,98,103,118,113,370
South Carolina,1985,100,92,83,51,98,90,120,119,428
South Carolina,1986,96,84,77,58,85,96,145,142,473
South Carolina,1987,NA,NA,NA,NA,NA,NA,120,118,626
South Carolina,1988,NA,NA,NA,NA,NA,NA,155,154,452
South Carolina,1989,NA,NA,NA,NA,NA,NA,211,210,786
South Carolina,1990,NA,NA,NA,NA,NA,NA,197,192,565
South Carolina,1991,NA,NA,NA,NA,NA,NA,202,198,495
South Carolina,1992,NA,NA,NA,NA,NA,NA,225,223,846
South Carolina,1993,NA,NA,NA,NA,NA,NA,348,342,528
South Carolina,1994,NA,NA,NA,NA,NA,NA,284,282,774
South Carolina,1995,NA,NA,NA,NA,NA,NA,290,286,688
South Carolina,1996,NA,NA,NA,NA,NA,NA,290,286,587
South Carolina,1997,100,92,100,54,100,118,330,315,428
South Carolina,1998,NA,NA,NA,NA,NA,NA,300,290,627
South Carolina,1999,NA,NA,NA,NA,NA,NA,300,296,686
South Carolina,2000,NA,NA,NA,NA,NA,NA,290,200,314
South Carolina,2001,NA,NA,NA,NA,NA,NA,220,218,718
South Carolina,2002,NA,NA,NA,NA,NA,NA,215,214,875
South Carolina,2003,95,77,78,46,90,109,266,265,743
South Carolina,2004,NA,NA,NA,NA,NA,NA,300,298,697
South Carolina,2005,NA,NA,NA,NA,NA,NA,180,158,486
South Carolina,2006,NA,NA,NA,NA,NA,NA,135,134,881
South Carolina,2007,99,91,79,46,94,94,115,114,872
South Carolina,2008,NA,NA,NA,NA,NA,NA,202,201,898
South Carolina,2009,NA,NA,NA,NA,NA,NA,303,301,828
South Carolina,2010,NA,NA,NA,NA,NA,NA,299,298,955
South Carolina,2011,NA,NA,NA,NA,NA,NA,258,250,691
South Carolina,2012,NA,NA,NA,NA,NA,NA,280,278,912
South Carolina,2013,NA,NA,NA,NA,NA,NA,235,136,547
South Carolina,2014,NA,NA,NA,NA,NA,NA,190,183,656
South Carolina,2015,99,86,73,39,96,105,250,248,912
South Carolina,2016,NA,NA,NA,NA,NA,NA,300,275,733
South Carolina,2017,NA,NA,NA,NA,NA,NA,300,295,814
Tennessee,1964,98,67,97,53,98,56,NA,NA,NA
Tennessee,1965,100,71,92,57,93,62,NA,NA,NA
Tennessee,1966,92,85,89,64,90,66,NA,NA,NA
Tennessee,1967,97,61,91,61,92,63,NA,NA,NA
Tennessee,1968,99,51,89,58,90,59,NA,NA,NA
Tennessee,1969,100,67,97,57,97,60,NA,NA,NA
Tennessee,1970,96,61,96,62,96,64,NA,NA,NA
Tennessee,1971,99,72,93,63,93,63,NA,NA,NA
Tennessee,1972,95,69,94,61,95,64,NA,NA,NA
Tennessee,1973,100,67,100,69,100,69,335,315,339
Tennessee,1974,100,66,96,60,98,61,420,370,295
Tennessee,1975,100,69,98,52,99,58,325,300,407
Tennessee,1976,91,71,91,59,91,64,250,230,490
Tennessee,1977,96,68,92,67,92,69,250,230,357
Tennessee,1978,97,74,95,69,95,74,290,275,349
Tennessee,1979,99,76,99,74,99,79,325,305,496
Tennessee,1980,100,73,94,64,94,74,260,255,638
Tennessee,1981,NA,NA,NA,NA,NA,NA,220,215,337
Tennessee,1982,97,67,97,62,97,68,340,325,498
Tennessee,1983,100,91,100,65,100,71,340,335,600
Tennessee,1984,100,82,100,62,100,68,340,335,567
Tennessee,1985,99,78,97,61,94,67,440,435,700
Tennessee,1986,100,75,100,65,100,71,535,530,529
Tennessee,1987,NA,NA,NA,NA,NA,NA,465,460,497
Tennessee,1988,NA,NA,NA,NA,NA,NA,525,515,461
Tennessee,1989,NA,NA,NA,NA,NA,NA,620,610,552
Tennessee,1990,NA,NA,NA,NA,NA,NA,625,615,651
Tennessee,1991,NA,NA,NA,NA,NA,NA,625,615,425
Tennessee,1992,NA,NA,NA,NA,NA,NA,590,585,726
Tennessee,1993,NA,NA,NA,NA,NA,NA,700,660,527
Tennessee,1994,NA,NA,NA,NA,NA,NA,540,530,611
Tennessee,1995,NA,NA,NA,NA,NA,NA,490,480,662
Tennessee,1996,100,89,99,60,99,88,450,445,589
Tennessee,1997,100,92,99,56,99,88,570,565,505
Tennessee,1998,99,95,100,63,100,91,570,565,603
Tennessee,1999,100,90,99,54,100,89,620,615,763
Tennessee,2000,99,84,93,56,98,90,565,530,741
Tennessee,2001,NA,NA,NA,NA,NA,NA,560,530,806
Tennessee,2002,NA,NA,NA,NA,NA,NA,530,525,900
Tennessee,2003,97,92,92,53,96,86,640,635,848
Tennessee,2004,NA,NA,NA,NA,NA,NA,700,695,945
Tennessee,2005,NA,NA,NA,NA,NA,NA,515,510,565
Tennessee,2006,NA,NA,NA,NA,NA,NA,285,280,909
Tennessee,2007,100,102,95,51,100,88,300,280,843
Tennessee,2008,NA,NA,NA,NA,NA,NA,390,387,845
Tennessee,2009,NA,NA,NA,NA,NA,NA,495,490,796
Tennessee,2010,100,95,96,51,99,87,380,377,946
Tennessee,2011,NA,NA,NA,NA,NA,NA,250,233,853
Tennessee,2012,NA,NA,NA,NA,NA,NA,275,270,878
Tennessee,2013,NA,NA,NA,NA,NA,NA,155,140,1046
Tennessee,2014,NA,NA,NA,NA,NA,NA,255,250,1104
Tennessee,2015,100,111,96,66,49,91,345,340,1033
Tennessee,2016,NA,NA,NA,NA,NA,NA,360,355,1041
Tennessee,2017,100,101,99,55,95,91,410,400,1116
Texas,1964,50,59,38,46,10,16,NA,NA,NA
Texas,1965,55,62,40,44,11,18,NA,NA,NA
Texas,1966,51,62,40,45,14,18,NA,NA,NA
Texas,1967,47,55,39,43,12,20,NA,NA,NA
Texas,1968,45,51,37,44,18,18,NA,NA,NA
Texas,1969,48,61,34,46,14,21,NA,NA,NA
Texas,1970,48,57,30,45,13,21,NA,NA,NA
Texas,1971,50,57,30,42,12,17,NA,NA,NA
Texas,1972,51,53,36,44,11,19,NA,NA,NA
Texas,1973,53,46,41,45,15,14,4350,3900,293
Texas,1974,55,48,47,43,24,17,4800,4500,353
Texas,1975,32,39,23,39,9,12,6650,6450,407
Texas,1976,49,52,40,43,13,16,6950,6200,294
Texas,1977,59,45,45,47,15,14,7700,6800,389
Texas,1978,41,50,28,42,9,16,7850,6850,233
Texas,1979,53,45,45,45,17,16,7460,7200,376
Texas,1980,50,43,43,39,18,14,5800,4300,301
Texas,1981,60,44,53,40,21,20,4000,3550,322
Texas,1982,39,41,28,30,13,20,5350,4700,376
Texas,1983,41,52,31,40,14,22,5000,4650,404
Texas,1984,55,47,39,39,18,15,4850,3450,353
Texas,1985,57,49,47,39,22,21,4700,4400,506
Texas,1986,56,45,44,35,18,13,5600,5300,472
Texas,1987,57,51,46,37,23,14,4650,3750,367
Texas,1988,68,45,56,38,22,13,5500,5000,477
Texas,1989,63,48,53,37,22,12,6300,5400,419
Texas,1990,66,59,48,40,20,17,5500,3550,441
Texas,1991,70,69,53,41,25,23,5550,5050,484
Texas,1992,65,66,48,44,27,20,5450,5150,458
Texas,1993,77,64,58,43,26,21,6400,5750,372
Texas,1994,78,71,60,38,25,20,5700,4100,509
Texas,1995,79,62,63,38,32,15,5500,5200,474
Texas,1996,55,80,47,39,20,21,5650,3300,524
Texas,1997,82,63,62,37,29,16,6150,5100,475
Texas,1998,68,62,56,38,27,19,6400,4400,430
Texas,1999,71,64,45,41,23,18,6000,4250,481
Texas,2000,63,68,54,40,26,19,5600,4500,538
Texas,2001,52,63,37,38,14,19,5600,4350,478
Texas,2002,NA,NA,NA,NA,NA,NA,5850,5350,694
Texas,2003,61,76,50,50,20,25,5950,5600,723
Texas,2004,NA,NA,NA,NA,NA,NA,6400,4100,679
Texas,2005,NA,NA,NA,NA,NA,NA,4900,4700,843
Texas,2006,NA,NA,NA,NA,NA,NA,5000,3250,659
Texas,2007,86,82,60,37,24,17,5000,3500,634
Texas,2008,NA,NA,NA,NA,NA,NA,5550,5350,703
Texas,2009,NA,NA,NA,NA,NA,NA,7550,2850,589
Texas,2010,85,63,52,32,30,15,6500,3800,632
Texas,2011,NA,NA,NA,NA,NA,NA,5800,3100,646
Texas,2012,NA,NA,NA,NA,NA,NA,6300,4600,644
Texas,2013,NA,NA,NA,NA,NA,NA,4800,4500,610
Texas,2014,NA,NA,NA,NA,NA,NA,5650,5200,748
Texas,2015,66,65,46,34,16,14,7000,5500,809
Texas,2016,NA,NA,NA,NA,NA,NA,7750,4350,756
Texas,2017,68,77,52,37,25,20,7050,6000,568